FrameId,Original,SURF,ORB,FAST
0,0,0,0,0
1,4.80805,4.26669,3.69288,9.59983
2,2.04524,3.00043,2.66483,5.92217
3,5.24368,4.20711,17.4991,7.63969
4,4.24495,4.36292,4.52847,4.73215
5,3.29611,10.1719,3.05992,7.46475
6,3.23433,3.46831,3.17066,16.6567
7,2.68266,25.3326,2.57372,13.2623
8,2.87957,3.01125,3.53521,11.1972
9,1.87928,1.2224,1.98914,2.21569
10,4.23391,2.0152,2.18073,12.4005
11,3.32815,1.92396,2.89968,15.6119
12,3.7959,2.08127,6.53681,37.8061
13,4.45593,2.19895,2.20126,3.29378
14,6.09165,2.65689,2.30605,2.77541
15,5.23236,2.45567,2.48699,2.83562
16,3.39976,1.21229,1.81698,2.0273
17,3.15261,2.74032,2.85044,5.20091
18,5.65335,2.78217,2.82768,11.9568
19,4.79244,2.98613,3.94589,3.02735
20,6.88301,3.01783,3.88558,3.45247
21,3.21237,2.64643,2.76655,2.84083
22,3.24793,2.8282,3.24677,2.89041
23,3.1529,1.58021,2.60822,1.78409
24,8.55961,2.86675,5.65443,3.35936
25,5.08801,3.05214,3.20381,3.46375
26,4.40423,2.88421,3.38403,3.79528
27,3.90678,3.18403,3.31533,4.85595
28,4.392,2.77551,3.4154,2.87051
29,5.26284,2.48346,2.69196,2.6175
30,2.28316,1.25151,1.35925,1.31839
31,2.54558,2.49416,2.46106,2.47969
32,3.62163,2.53564,2.56837,2.55509
33,5.85684,2.47414,2.52058,2.60024
34,5.14246,3.35125,3.32667,3.92004
35,6.96097,2.9412,3.48274,4.66401
36,4.20531,1.8996,2.16706,3.91367
37,7.85103,3.8147,4.40524,3.73844
38,5.73247,3.95714,7.00471,4.24293
39,8.19322,3.81094,4.17192,3.89122
40,5.21705,4.97895,3.9781,4.08457
41,3.5491,3.34985,3.40248,3.48431
42,6.49119,3.62464,3.57121,3.517
43,1.83618,1.50102,1.63214,1.84858
44,4.70874,3.56735,3.78046,4.53567
45,4.06494,3.10949,3.13134,3.08554
46,5.76208,3.43178,3.69092,3.40924
47,6.01214,3.14794,4.36523,3.42075
48,6.31384,2.47903,2.60754,2.77908
49,5.23284,2.62169,2.67189,2.92222
50,4.254,0.99798,1.18767,1.5266
51,3.91369,1.6388,1.86266,2.06891
52,4.9817,1.7138,2.10741,2.64312
53,3.28334,1.27967,1.43369,1.33907
54,1.8209,1.01253,1.31332,1.48224
55,1.5142,1.066,1.18473,1.84426
56,2.51346,0.764909,0.893353,0.970059
57,1.61601,0.548213,1.71412,1.0439
58,1.64991,0.761733,1.97767,1.59176
59,1.8503,0.844531,1.15917,1.60621
60,2.30934,0.936245,1.23826,1.89503
61,2.83571,0.999857,1.12006,1.0501
62,3.31959,0.940019,0.932573,0.867974
63,2.74623,0.982857,1.09747,1.30762
64,2.24156,0.538197,0.964094,1.17604
65,3.66627,1.00407,1.30906,1.3375
66,3.41819,1.07979,1.47705,1.10858
67,2.80641,1.07216,1.53316,1.58274
68,1.46053,0.968711,1.04864,1.3265
69,2.16653,0.938274,1.16247,1.51423
70,0.628988,1.0496,0.797148,0.884265
71,2.30237,1.32566,1.3626,1.31764
72,1.79019,1.0732,1.49637,1.26959
73,3.00584,1.11168,1.40681,1.23335
74,3.79647,1.23372,1.67895,1.46504
75,3.69256,1.15239,1.65959,3.17687
76,3.57884,1.22474,1.76311,2.78999
77,1.95488,0.660701,1.2533,2.87583
78,3.58956,1.30935,1.81673,1.66429
79,1.69114,1.7721,1.59606,1.45634
80,1.64441,1.47753,1.58961,1.78822
81,1.9298,1.38794,2.04321,1.9349
82,3.43629,1.77437,1.59431,1.56391
83,3.20196,1.4788,1.59904,1.70664
84,2.29727,0.847459,1.30342,1.19227
85,2.64622,1.88609,2.24236,1.6329
86,3.04672,1.80654,1.96581,1.65267
87,2.98898,1.48846,1.58927,1.69239
88,2.14741,1.34892,1.52694,1.62579
89,1.95357,1.45678,1.86901,2.58207
90,4.1674,1.31691,1.6945,2.12545
91,1.45728,1.03876,1.24264,1.24721
92,2.312,1.38194,2.2324,1.8286
93,2.39652,1.09728,2.10362,1.25454
94,3.0215,1.01694,1.80266,2.31663
95,3.19594,1.56113,1.63886,3.12881
96,1.85165,0.881617,0.932037,4.21808
97,2.85761,1.03596,2.58398,1.38554
98,1.99471,0.655638,2.87815,1.174
99,3.45517,0.802711,1.19262,1.80585
100,2.35156,0.798779,1.08866,2.30971
101,1.83169,1.18951,1.21092,1.60736
102,1.16547,0.998632,1.18993,1.27516
103,2.34781,1.27868,1.13635,1.26678
104,1.52371,0.688364,0.972519,3.06349
105,1.97039,0.654354,0.92913,2.17254
106,1.89906,0.739993,1.69844,1.86783
107,3.20769,0.759984,0.918189,2.25438
108,3.14733,1.03305,1.45236,4.17213
109,3.75184,0.737727,1.03142,1.85091
110,3.3906,1.06846,1.13266,2.5544
111,2.26303,0.596315,0.77222,1.02918
112,3.69015,0.831458,0.877633,1.51432
113,3.21529,0.734509,0.901648,1.18559
114,3.40502,0.751035,1.02986,2.49177
115,1.61081,0.82725,1.26975,2.30904
116,1.96553,0.743728,1.31264,1.09458
117,0.795279,0.676,1.2279,1.58338
118,1.07599,0.76111,1.30402,1.66587
119,3.4969,1.0957,1.28428,2.19464
120,1.9292,0.704021,1.26376,1.63787
121,2.61158,0.805519,0.935526,2.17329
122,1.83212,0.71661,0.856931,0.753363
123,2.09803,0.769496,1.56827,1.57834
124,2.30573,0.803779,1.56615,1.16601
125,1.34202,0.541632,0.853841,1.41573
126,1.50124,1.00888,1.59942,1.41859
127,2.91911,1.02658,1.27853,1.1434
128,2.90481,0.905326,1.13484,1.13129
129,3.07787,1.05494,1.33884,1.56251
130,2.14515,0.989439,1.17782,1.4847
131,2.03103,0.960498,1.06089,1.33563
132,0.675871,0.560012,0.73868,0.726401
133,1.40284,1.24006,2.13425,1.29222
134,1.96982,1.05002,3.62499,2.17425
135,1.0127,1.36199,1.1831,3.60869
136,1.8065,1.39937,1.43663,1.7351
137,1.67795,1.19357,1.82519,1.75963
138,1.76785,1.12668,1.45033,1.20445
139,1.34616,0.674006,1.00784,1.15997
140,1.78631,1.17206,1.22144,1.66197
141,2.13084,1.24936,1.6148,1.7488
142,1.67178,1.16054,1.55261,2.71548
143,2.06545,1.06922,1.44137,2.24602
144,1.35394,1.01502,1.43203,2.91118
145,2.39194,1.07201,1.29504,2.20066
146,0.875677,0.649678,0.784416,0.842162
147,1.43114,1.07947,1.12428,1.62254
148,2.98998,1.03221,1.22704,1.32534
149,2.83417,1.23709,1.32563,1.48452
150,4.24585,1.24184,1.7728,1.84839
151,4.07177,1.01905,1.51459,1.3431
152,5.04454,1.01828,1.31879,1.0594
153,3.25672,0.652531,0.767504,0.909898
154,3.42337,0.78637,0.875547,1.13085
155,4.736,0.874113,1.00678,1.22673
156,5.80478,1.02166,1.35405,1.83829
157,5.26979,1.23713,1.61789,1.88229
158,5.9329,1.15015,1.60159,1.46516
159,4.7595,0.791446,1.07778,1.15011
160,5.2184,0.985485,1.36622,1.41387
161,5.87128,1.21171,1.29814,1.91431
162,7.72934,1.51955,1.10436,1.14802
163,5.34666,1.15334,1.32745,1.6312
164,3.70458,1.02334,1.0389,1.71859
165,3.74325,1.01726,1.32733,1.1405
166,2.38781,0.636367,0.822556,0.793309
167,5.02698,1.44356,1.37981,1.59452
168,4.07772,1.22075,1.53008,1.93867
169,2.90472,1.18874,2.24725,2.53448
170,4.53249,1.55536,2.70721,3.83495
171,6.77134,1.33563,2.09776,1.78034
172,5.854,1.32336,2.00414,2.4386
173,5.4092,0.900231,1.30246,1.75778
174,5.17462,1.65614,2.12971,2.96541
175,6.87548,1.8132,2.3154,3.89246
176,6.18046,2.03649,1.98314,7.80458
177,7.13879,1.70618,2.26667,1.79677
178,4.11094,1.75278,2.0949,2.28707
179,2.57663,1.71586,2.23956,1.95677
180,2.72358,1.03064,2.01533,1.44672
181,7.41943,1.9839,2.18046,2.82328
182,3.97376,2.13317,2.39855,2.25514
183,2.80947,1.9026,2.20269,2.15856
184,6.04226,1.99425,2.77493,2.39912
185,5.44208,2.66808,2.58349,2.61036
186,5.96483,2.23017,2.29915,2.60343
187,3.45344,1.1179,1.29924,1.41495
188,4.07693,2.11923,2.16996,2.46263
189,2.84084,1.94783,2.00847,2.44145
190,4.30284,1.97275,3.01971,4.70974
191,4.25827,2.11784,4.9031,14.4937
192,4.31705,2.24896,2.34555,2.41463
193,3.0428,2.42044,2.44141,2.38935
194,3.49536,1.24279,1.37617,1.40837
195,4.48072,2.50266,3.02574,3.16628
196,6.36871,2.43109,2.7452,2.30546
197,4.87273,2.59571,2.76793,2.81884
198,5.42398,2.73887,2.67906,2.30327
199,5.04778,2.29841,3.14462,3.12418
200,3.05395,1.29948,1.44148,1.67973
201,2.75662,2.14106,2.58331,2.19987
202,4.34474,2.09558,2.42083,2.56219
203,4.08139,2.09439,3.26427,3.12752
204,4.94446,1.94961,2.3742,2.48971
205,2.21052,1.92075,1.99801,2.15101
206,2.44823,1.79493,2.30255,2.21461
207,3.17623,1.95676,2.50358,2.58641
208,2.01012,1.31335,2.32907,1.55144
209,4.05401,2.57552,2.62717,2.91529
210,4.13434,2.17417,2.89578,2.27267
211,2.48092,2.45682,2.75661,3.66184
212,2.43958,2.23843,2.27608,2.70439
213,3.34807,2.29476,2.21314,2.29831
214,2.771,1.23551,1.5622,1.59939
215,3.83805,2.2485,2.4732,2.4475
216,4.58392,2.39247,2.73087,2.3597
217,6.35609,2.49285,2.58139,2.54844
218,5.04831,2.53575,2.66125,2.83643
219,5.2505,2.51476,2.6931,2.96684
220,3.2853,2.75022,3.48498,3.47625
221,3.12296,1.27449,1.53125,1.9724
222,3.72859,2.58037,2.6501,2.68833
223,3.77614,2.59267,2.81025,2.94849
224,5.16826,2.37691,3.35499,2.72909
225,4.76418,2.78975,2.76386,3.66971
226,5.84893,2.39328,2.58374,2.5698
227,5.3221,2.93136,3.0574,3.23458
228,3.34392,1.35375,1.50722,1.51417
229,3.8685,2.63631,2.99296,4.02312
230,5.80302,2.91634,3.94588,3.50746
231,4.82741,2.80121,2.96558,2.96705
232,4.02201,2.66014,2.66929,2.63132
233,3.26389,2.58256,2.79906,2.78207
234,5.33414,2.87497,2.81477,3.13405
235,2.71804,1.43106,1.49333,2.20205
236,5.77003,3.0049,3.061,3.09204
237,4.03661,3.02005,3.24315,4.2339
238,4.67201,2.96171,2.84625,3.35169
239,5.37856,2.7843,3.04683,3.07452
240,5.28121,3.07845,3.71989,3.56466
241,6.31394,2.15326,2.57996,3.44687
242,4.34278,1.10281,1.59564,2.65977
243,6.01363,2.23944,2.36759,2.80746
244,5.4555,2.29638,3.04712,2.7356
245,7.00154,2.46714,3.42707,3.74404
246,5.40009,2.36876,2.64859,4.73987
247,4.71493,3.13316,3.38935,5.79088
248,2.1975,1.48747,1.5161,1.58334
249,3.20297,1.41489,1.65073,2.13829
250,2.04143,1.28174,1.44635,1.57738
251,3.01287,0.960952,1.80781,1.92326
252,1.43647,0.877145,1.2552,1.29719
253,3.14245,0.896217,1.59672,2.1059
254,5.01634,0.970008,1.20908,1.82263
255,2.22024,0.573996,0.753374,0.681592
256,1.91745,1.30089,1.30619,1.3063
257,3.22599,1.06845,1.19666,2.29104
258,5.90575,1.06921,1.7588,1.37408
259,3.80706,0.987407,1.8181,2.03026
260,3.49169,1.15209,1.30129,1.759
261,2.84753,1.08747,1.22885,1.37624
262,3.29376,0.712455,1.10619,2.46519
263,3.75639,1.14382,1.23507,2.40421
264,5.14901,1.27257,1.35736,1.55973
265,4.16003,1.47257,1.70314,1.50573
266,2.99281,1.24673,1.54019,2.87903
267,3.60221,1.35334,1.49896,2.30344
268,3.22253,1.43808,1.49671,1.38898
269,2.91529,0.804181,1.42716,1.12083
270,4.85974,1.44102,1.71225,1.71402
271,5.47556,1.63199,1.72141,5.18794
272,2.76556,1.5146,2.16461,3.30494
273,2.02513,1.4143,1.67652,1.4321
274,2.38723,1.5497,1.59377,1.49648
275,2.67992,1.4577,1.61333,1.38357
276,2.72846,0.732916,1.34443,4.03377
277,5.85601,1.26845,1.72534,4.26952
278,6.13056,1.38042,1.41592,2.59216
279,4.58199,1.12999,1.39772,2.22844
280,3.89766,1.00653,1.18999,6.137
281,1.57146,0.922957,1.22664,2.2928
282,1.75467,0.723779,0.958399,0.888962
283,2.57209,1.66892,0.898241,1.75939
284,3.72613,1.61002,0.977047,1.15879
285,5.14637,0.87533,0.860459,1.71289
286,5.35104,0.907823,1.58102,1.49047
287,6.51377,0.73454,1.77781,1.00761
288,5.8381,1.10828,1.28065,1.61043
289,6.15556,0.705603,1.18844,0.900181
290,6.09935,0.756907,1.61476,1.41994
291,6.31322,0.801499,1.15702,1.45353
292,7.01358,1.47105,1.15677,1.30563
293,5.69741,0.92464,0.934473,1.56539
294,4.07366,0.739154,1.35323,1.49689
295,2.5068,0.636387,1.40878,1.07522
296,4.12579,0.524541,1.08778,0.857158
297,6.69469,1.02497,1.36187,2.18853
298,4.4579,0.895267,1.20122,1.37362
299,4.01255,0.844456,0.967177,2.10252
300,2.70854,0.833957,1.37556,1.23302
301,2.65552,0.712319,1.56938,0.956337
302,3.3762,0.73707,1.60704,1.37891
303,1.14692,0.432936,1.58791,1.13147
304,2.80719,0.878459,1.05022,2.00926
305,2.94947,0.773519,1.18617,1.19143
306,2.86655,0.847294,1.29672,1.47205
307,5.54361,0.808312,1.07827,1.15599
308,5.76536,1.05264,1.2754,2.78236
309,4.76379,0.875755,1.0001,2.24545
310,5.16626,0.649308,0.905801,1.15606
311,4.77533,1.59226,1.311,1.29417
312,5.40851,1.16819,1.5344,1.01153
313,3.4807,1.23346,1.25208,1.10689
314,2.71969,0.943618,0.971942,1.34765
315,3.6399,0.94366,1.40095,1.99172
316,4.71439,1.39847,2.2173,1.93371
317,1.30623,1.05288,0.7492,1.52724
318,4.66419,1.16456,1.38993,1.8385
319,2.36805,1.07032,1.19807,2.03633
320,4.41001,1.25323,1.70512,1.87982
321,4.91877,1.09882,1.28479,2.86404
322,6.00166,1.54506,2.01569,3.98431
323,6.5255,1.38605,2.1262,1.33201
324,3.8044,0.745155,1.22119,0.866557
325,3.9566,1.28046,1.67173,1.45468
326,5.41097,1.66811,1.46222,1.70352
327,8.17707,1.69217,1.6835,1.86834
328,5.93497,1.71885,2.42456,2.20492
329,5.87645,1.43074,1.95955,3.29307
330,2.89765,1.48585,1.92528,2.2127
331,3.7971,0.804521,1.14233,1.31029
332,3.75493,1.47501,1.8907,1.64172
333,5.38368,1.51885,1.71408,1.93275
334,4.33563,1.70306,2.24647,1.7623
335,5.28437,1.41434,1.85101,1.52083
336,2.74004,1.282,2.50363,1.60994
337,4.17176,1.4843,1.489,2.01212
338,0.820823,0.690212,1.35684,2.7632
339,4.85462,1.45725,2.15057,2.79482
340,4.33712,1.29702,2.7548,2.59228
341,2.45102,1.39862,2.75696,2.50214
342,2.44728,1.36058,1.39934,2.68521
343,2.9228,1.23246,1.55441,1.28454
344,2.88349,0.738636,0.855517,1.00648
345,3.65466,1.66526,1.76863,3.09426
346,5.53857,1.74013,1.54089,1.66044
347,4.11962,1.75456,1.83697,2.14807
348,4.9135,1.32113,1.70644,1.51214
349,3.62972,1.64032,1.61931,1.9248
350,2.53381,1.32789,1.85361,2.09226
351,1.74575,0.782281,1.70214,1.13814
352,4.91582,1.52707,2.22708,1.88458
353,4.26295,1.49672,2.7734,1.63101
354,4.84271,1.66521,1.61147,1.82844
355,5.16198,1.61881,1.77304,2.2513
356,4.33423,1.44752,1.62707,1.96631
357,3.6861,1.3627,1.95633,1.41697
358,2.75389,0.824531,1.23541,1.13463
359,3.16449,1.42142,1.69757,3.28947
360,1.69374,1.36954,1.54629,3.30117
361,5.73795,1.51619,1.91525,1.73442
362,3.44729,1.54412,1.62371,2.248
363,6.29378,1.88638,1.69219,4.11893
364,2.73505,1.38416,1.52801,7.1741
365,1.6685,0.907348,0.914474,0.886089
366,3.3293,1.25482,2.01757,1.89104
367,5.04846,1.38312,2.12332,2.24593
368,4.31059,1.35655,1.80816,2.63345
369,4.16467,1.63618,2.03053,2.21781
370,2.97526,1.44865,2.08902,2.14678
371,2.87387,1.48169,2.00059,1.69417
372,2.59691,1.35558,1.44756,1.31364
373,3.20165,1.84304,1.78494,1.8985
374,3.72362,2.24133,2.13,1.91992
375,3.27876,1.87803,3.75702,2.1234
376,5.36173,2.11281,2.51144,3.41898
377,3.98731,2.04033,2.36755,2.66369
378,7.06335,2.13581,2.23755,2.60356
379,4.08437,1.45357,1.54995,1.69254
380,7.55636,2.58076,2.76116,3.09809
381,5.40623,3.24359,3.58371,3.24777
382,6.72682,2.69418,2.85663,3.30541
383,5.08871,2.79851,4.01605,3.65599
384,3.80232,2.82729,2.81126,2.8295
385,3.27191,1.62763,1.80493,1.88656
386,5.87675,2.47277,3.10611,2.88245
387,5.65155,2.64972,2.98561,3.66008
388,6.0062,2.41376,2.70605,3.00097
389,5.75375,2.58799,2.73477,2.71409
390,6.20898,2.15142,2.23435,2.66594
391,2.9573,2.04389,2.23548,2.22032
392,4.43913,1.04442,1.18705,1.56151
393,3.19541,2.20393,2.08034,2.52334
394,4.87214,1.47304,1.73945,2.52273
395,1.49227,1.25903,2.08589,1.56311
396,2.2388,1.83132,1.39697,2.2185
397,3.65959,1.68362,1.61844,2.82684
398,4.58188,1.89746,1.96055,1.83268
399,1.28967,0.731803,1.07038,1.2843
400,4.50428,1.45172,1.55628,1.67053
401,3.86574,1.98964,1.81954,1.84055
402,1.92267,1.34626,1.82544,2.12124
403,3.104,1.32229,1.48498,1.67987
404,5.08717,1.52955,1.75321,1.75019
405,5.47292,1.65183,1.73854,2.18917
406,3.77299,0.91907,1.13833,1.70541
407,6.10335,1.50286,1.64256,3.06361
408,4.04471,1.455,1.70449,1.72914
409,6.38221,1.57314,1.64909,2.42771
410,3.69397,1.83733,1.84897,6.45076
411,3.7595,1.5633,1.5585,3.40635
412,1.24523,1.70288,1.45271,1.60214
413,2.29437,0.671635,0.789795,1.18501
414,4.73804,1.32376,1.59532,2.07959
415,3.78765,1.06614,1.23033,2.4399
416,1.60787,1.05167,2.64557,1.35828
417,2.76611,1.1743,1.38405,2.67371
418,3.16973,1.21187,1.42201,4.62537
419,3.36674,1.09633,1.23391,1.47377
420,2.55936,0.707757,1.25512,2.61602
421,2.44716,1.18889,1.51792,1.81076
422,5.82039,1.45783,2.52984,1.67659
423,4.61981,1.33529,1.40728,2.16327
424,6.61808,1.57456,2.22923,2.41491
425,4.30041,1.97363,2.37082,1.67889
426,2.51373,1.5429,1.77064,1.66582
427,1.71298,0.847737,1.27711,1.10922
428,3.78663,1.59823,1.80238,2.34478
429,2.72267,1.57157,2.10858,2.02507
430,3.88548,1.74738,1.97554,2.24013
431,6.31084,1.75014,1.86975,1.75857
432,5.69301,2.31805,2.67709,2.51511
433,5.26259,1.02896,1.49611,1.62185
434,2.93136,1.6275,2.27123,2.75192
435,5.27476,1.86939,1.87928,1.78772
436,5.09121,2.2166,2.12925,2.19406
437,6.27092,2.07246,2.16722,2.10073
438,3.42479,1.709,2.56665,2.17882
439,3.17278,1.52088,1.95074,2.81575
440,1.67506,0.848814,1.31055,1.41401
441,3.6477,1.50257,1.83921,4.83304
442,2.23123,1.56611,1.76139,3.4983
443,2.81803,1.6839,1.9411,2.36902
444,3.8916,2.15892,2.08331,5.13505
445,4.06245,2.06067,2.3089,5.97171
446,4.97313,2.18526,2.26543,2.48932
447,2.38708,1.50292,1.60698,1.52636
448,2.90262,2.035,2.36678,2.20711
449,2.75333,2.01195,2.26552,2.16498
450,2.30773,2.11943,2.39793,2.22539
451,3.6898,2.35173,2.50711,2.25255
452,4.46636,2.12731,3.39871,2.88809
453,7.84321,2.21144,3.36912,2.64848
454,3.09616,1.0648,1.20004,1.34757
455,2.64349,1.91393,1.95606,2.1281
456,4.38122,3.6856,3.61265,2.81533
457,6.21705,1.66614,2.22592,3.13065
458,5.57379,1.83683,1.96997,2.61674
459,6.08641,1.79863,2.33619,2.14431
460,3.78679,0.897844,1.30233,1.47407
461,3.67057,1.4229,2.27542,1.37954
462,4.28944,1.5517,2.14942,1.99817
463,5.38288,1.45336,2.0475,1.80523
464,4.9998,1.81574,2.65913,2.08228
465,5.16973,1.85451,1.70201,2.09788
466,3.4005,1.44296,1.60638,2.1794
467,2.96711,0.782179,1.02382,1.61067
468,2.19262,1.47863,1.54748,1.45518
469,2.75405,1.31399,1.36926,1.47824
470,1.5031,1.31325,1.36376,1.76527
471,1.62747,1.63462,1.59057,2.47804
472,2.44708,1.50763,1.6122,2.5841
473,2.60943,1.71166,1.65406,1.86489
474,0.755553,1.2921,1.18828,0.782162
475,2.25914,1.511,1.6843,1.96334
476,1.6576,1.64234,1.62491,1.64121
477,2.64018,1.76691,2.03907,2.00566
478,2.87769,1.73863,1.88222,1.87361
479,2.97321,2.24767,2.14705,3.23584
480,2.64433,2.08608,2.27075,3.14668
481,1.81525,0.881252,1.19517,1.23397
482,3.83752,1.91387,2.12862,1.82981
483,2.61859,2.74739,2.30687,2.12475
484,3.23206,2.05619,1.95232,2.40816
485,2.48715,1.51381,1.83273,1.82505
486,2.96055,1.66225,1.47317,1.6446
487,1.37568,1.16175,1.086,4.11465
488,2.20171,0.636421,0.892327,3.06528
489,4.78997,2.52173,1.97321,1.88121
490,3.60768,1.04159,1.01077,0.862118
491,2.34519,0.877217,0.737541,1.30526
492,2.14934,0.580471,0.608799,0.66778
493,3.09903,0.592694,0.796872,0.83467
494,3.48343,0.618293,0.774175,0.88857
495,2.54208,0.465658,0.591421,0.987034
496,1.62525,0.696568,0.938091,0.832002
497,3.47962,0.814431,1.21681,1.30385
498,4.11041,0.663134,0.620292,1.02761
499,4.52311,0.763218,0.876922,1.05971
500,3.41565,0.828694,1.50081,0.893954
501,3.07844,0.807056,1.57156,1.28739
502,1.9695,0.653579,0.416447,0.690079
503,3.17673,0.659237,0.871205,0.898761
504,1.93261,0.61187,0.791812,1.18774
505,1.09258,0.728663,0.977184,0.865974
506,2.35092,1.2369,0.87421,1.01526
507,4.04007,1.58437,1.15309,3.7066
508,2.11185,0.774554,0.610533,3.10981
509,1.60895,0.936413,1.00762,1.50106
510,1.77931,1.0107,0.927998,1.89448
511,2.01625,1.16052,1.08834,1.12743
512,2.17061,0.88057,1.26185,1.5919
513,1.95219,0.910884,0.996997,1.02604
514,3.27689,1.03618,1.38414,1.44411
515,2.08608,0.990083,1.03358,2.26662
516,2.88406,1.5424,1.41293,2.70667
517,3.92056,1.35461,1.86754,3.07319
518,5.47443,1.45892,2.04291,2.56482
519,4.2804,1.82921,2.16398,2.19468
520,4.49998,1.2885,1.64716,1.77804
521,2.77568,1.52869,2.00577,1.86168
522,3.66999,0.775781,1.39596,0.843248
523,5.26325,1.46784,1.66234,1.93576
524,5.57032,1.10667,2.04688,1.59524
525,4.75539,1.14224,1.70557,1.70636
526,3.96469,0.900252,1.033,1.02307
527,3.04331,1.09008,1.48412,1.91312
528,1.21434,0.824195,1.04559,1.28879
529,2.14963,0.428308,0.529972,0.805656
530,5.13452,0.684578,0.824217,0.877736
531,3.84768,0.910667,0.997627,1.30743
532,1.93089,0.576464,0.69876,1.21443
533,1.25308,0.477314,0.679875,1.60608
534,1.45759,0.504188,0.874845,1.14366
535,2.57226,0.675323,0.887625,1.68958
536,0.734252,0.463801,0.596833,1.26904
537,2.35903,0.532454,0.595885,2.02035
538,2.30248,0.585233,1.08541,1.87951
539,2.3401,0.57688,1.56677,0.579669
540,2.72627,0.68131,1.64919,0.942058
541,3.208,0.529218,0.687644,0.906098
542,3.57028,0.983566,1.20063,0.887059
543,2.26889,0.416256,0.628965,1.00105
544,1.61698,0.491188,0.758344,1.00463
545,2.48092,0.55176,1.24184,0.754043
546,3.11609,0.69577,1.21728,1.5259
547,2.88756,0.593136,0.821689,1.60914
548,1.27459,0.519084,0.522258,0.832796
549,1.23784,0.565984,0.931726,1.52581
550,2.63311,0.587818,0.801242,0.911652
551,4.61078,0.765346,0.75069,1.30787
552,4.00066,0.591611,0.812881,0.80207
553,3.14067,0.641808,1.51928,0.885664
554,3.03801,0.897137,1.3347,1.89032
555,0.69221,0.589764,0.699646,1.5584
556,1.73329,0.541269,0.84048,1.69782
557,3.06677,0.749574,1.89398,1.03834
558,2.70673,0.664061,1.48861,1.44009
559,1.02109,0.782851,0.701896,2.57576
560,1.963,0.623105,1.137,0.973089
561,5.06413,0.815025,1.40764,1.33729
562,5.48375,0.739044,2.05992,0.867581
563,4.69379,0.514663,1.00122,1.23326
564,5.16255,0.852859,1.35648,1.41582
565,5.18343,0.789013,1.488,1.58555
566,6.58741,0.901019,1.54483,1.40653
567,5.9022,0.824529,1.70299,1.06827
568,5.91382,0.941387,1.01175,1.10515
569,4.86006,1.08123,1.61669,1.47619
570,3.78722,0.564489,1.9944,1.36268
571,3.98552,1.05697,0.953583,2.15371
572,3.90436,0.850014,1.23064,1.33996
573,3.38839,0.949053,1.07177,1.0868
574,3.01707,0.827046,1.13554,0.892746
575,3.66972,0.963489,1.20853,1.13675
576,3.99864,0.989065,1.04885,1.14754
577,2.25415,0.563954,0.602372,0.622599
578,1.19037,0.698164,0.874398,1.53499
579,1.50522,0.955666,1.41103,1.65049
580,2.92195,1.3508,1.58614,2.33717
581,2.16324,1.27006,0.824628,0.848355
582,3.69172,0.844793,1.04961,0.900138
583,2.86594,0.698689,0.946225,1.40238
584,1.95509,0.454186,0.818732,1.03698
585,1.52381,0.703541,0.891834,1.4783
586,2.33228,0.695005,0.801141,1.25957
587,1.51342,0.637817,1.62984,1.08116
588,3.0544,0.643472,1.48479,1.38896
589,4.06524,1.10335,1.26304,1.40597
590,4.37663,0.763473,0.945273,0.848114
591,2.27284,0.439451,0.519845,0.690599
592,3.25145,0.75019,0.923459,0.800375
593,1.03647,0.725647,0.938047,2.16222
594,4.43634,0.722018,1.52944,2.21565
595,5.22492,0.949806,2.29082,1.06425
596,6.14264,0.870657,1.14288,3.25374
597,4.6854,0.993475,1.40017,2.30207
598,5.0609,0.653012,0.688843,2.09864
599,4.90961,1.04779,1.35882,1.93683
600,4.72299,0.842606,1.0196,2.25587
601,3.84813,0.897494,1.0533,3.07544
602,3.90891,0.612277,1.168,1.82304
603,4.17749,1.06869,1.38481,2.39671
604,0.747735,0.448138,0.928714,0.83929
605,2.79524,0.80812,0.963366,1.03311
606,2.41611,0.794444,0.93337,1.13418
607,2.24938,0.591454,0.798274,0.935635
608,3.07036,0.592777,0.615134,0.650263
609,2.06736,0.512725,0.742892,2.32144
610,2.27519,0.551933,0.910551,2.51197
611,2.18514,0.568817,1.03115,1.12064
612,3.18097,0.881559,1.55897,1.06795
613,4.17355,0.787231,0.835432,0.883047
614,3.04649,0.637419,0.922424,0.911972
615,4.2528,0.490988,0.972026,0.743533
616,3.65854,0.80321,1.18052,1.19663
617,2.18385,0.774397,0.910995,1.86789
618,3.45677,0.681301,1.1679,2.5572
619,5.42105,0.700189,0.979977,1.46829
620,5.19521,0.883019,1.07539,0.981278
621,3.35767,0.58741,0.859078,0.814115
622,2.08631,0.640182,0.910759,1.36132
623,1.85886,0.505486,0.856518,0.97753
624,3.21137,0.682615,0.935136,1.18996
625,0.861589,0.428466,0.831238,0.984323
626,2.39164,0.631286,0.773543,1.85557
627,3.28364,0.751214,0.662163,1.79539
628,3.26572,0.68092,0.807257,1.17566
629,0.986293,0.610845,0.777607,1.02464
630,1.90885,0.579726,0.74577,1.11644
631,2.30861,0.728825,1.0451,0.974065
632,2.38157,0.498566,0.444597,0.624125
633,2.50621,0.902818,1.16831,1.60081
634,2.79601,0.701085,1.2789,1.35779
635,2.95202,0.992636,1.17835,2.16006
636,2.16472,0.746572,1.50935,1.77695
637,1.87231,0.754727,1.15656,1.27256
638,1.43302,0.769688,0.955077,0.969348
639,1.63484,0.554731,1.14488,1.15719
640,1.79208,0.934066,1.5633,1.27156
641,2.89687,0.892177,0.998034,1.84623
642,2.59798,0.952371,1.06364,2.49096
643,2.85499,0.963896,1.18262,1.61156
644,1.19751,1.07932,0.963157,1.01541
645,3.61698,0.640501,0.957334,0.918952
646,4.27312,1.19287,1.72157,1.40196
647,4.00932,1.01447,1.21868,1.89431
648,3.70931,1.37035,1.45864,1.48538
649,4.60097,1.13677,1.13298,2.54278
650,3.57652,1.15523,1.37371,2.31583
651,1.63226,1.03751,1.32612,2.1897
652,1.54196,0.567693,1.02089,0.734788
653,3.51342,1.23479,2.03839,1.70866
654,2.7996,1.45386,2.09032,3.14427
655,2.20551,1.2566,1.73127,2.439
656,2.2292,1.2538,2.06189,1.35479
657,3.06342,1.38392,2.40072,2.47104
658,2.19564,1.39629,1.84996,1.52161
659,1.92267,1.08834,3.20042,1.36534
660,2.92268,1.78873,3.51134,2.63953
661,4.01039,1.84637,2.59582,1.94181
662,2.71326,1.62693,3.35559,1.91289
663,3.8645,1.725,1.76158,2.87481
664,3.56019,1.87044,1.76365,2.57872
665,5.02578,1.72005,1.86432,1.53442
666,2.44012,0.788584,0.981081,1.33651
667,2.5753,1.76067,1.65911,3.11767
668,5.05478,1.71052,1.86161,1.81889
669,6.38599,1.28243,1.28951,1.5679
670,6.21909,1.21283,1.81094,1.4675
671,5.82482,1.0016,1.4096,1.53069
672,4.14068,1.20574,1.20712,0.981335
673,5.79363,0.72479,0.995485,1.15917
674,7.19595,1.34445,1.28552,2.21339
675,7.1482,0.886532,1.03262,1.83241
676,5.53664,0.805744,1.22443,1.53934
677,5.69782,0.841065,1.13905,1.11557
678,2.78247,0.743044,0.838444,1.03153
679,2.19582,0.782088,0.727523,1.15729
680,3.62893,0.778385,0.966835,1.13314
681,5.45564,0.883823,1.68855,1.35509
682,4.75332,0.811471,1.1408,3.61603
683,3.13479,0.709919,1.66382,1.93795
684,2.52712,0.686145,1.51658,1.09557
685,3.4465,0.999664,1.15462,1.54788
686,3.69527,0.875935,0.971007,0.925026
687,2.78913,0.700571,0.667443,0.709289
688,2.47219,1.30958,0.904226,1.21715
689,2.54271,0.800722,0.831815,0.854361
690,5.03687,0.864504,1.25337,1.0648
691,3.94261,0.853138,1.43761,1.20475
692,5.23432,1.04769,1.15822,1.84849
693,3.26954,0.784816,1.08276,1.60267
694,5.17041,0.92769,1.24796,1.35327
695,4.76893,0.862385,1.18464,1.16736
696,5.56204,0.780253,0.928859,0.909767
697,4.79442,0.944973,1.29313,2.56089
698,4.20257,0.824645,1.01027,2.60054
699,2.33151,0.786935,1.41454,0.907405
700,2.41621,0.504226,1.40641,0.634624
701,5.38821,1.19779,1.70021,1.68554
702,4.97213,0.838816,0.934638,0.952962
703,3.65254,0.894786,1.03782,1.42721
704,2.28753,0.856757,1.139,0.973373
705,6.04379,0.863055,1.2769,1.04854
706,6.01912,1.32441,1.69034,3.01181
707,5.33891,0.659035,0.803826,1.59216
708,3.77651,1.10641,1.59684,1.46574
709,6.55319,0.931916,0.976827,1.07205
710,5.66054,1.76004,2.05135,2.38971
711,6.70193,1.00538,1.49545,1.22632
712,5.22798,1.80678,1.49704,1.35319
713,5.82488,0.885505,1.3238,1.53005
714,5.49261,1.18336,1.82312,1.76085
715,6.96771,1.07158,1.83111,1.56703
716,6.65823,2.31298,2.60575,2.66686
717,6.14752,1.27654,1.48486,1.97828
718,4.49238,1.50591,1.21635,1.35241
719,2.06681,0.978369,2.03207,1.05378
720,5.10517,1.40856,1.29181,1.44038
721,2.64968,0.915272,0.900096,0.894595
722,1.30869,1.16633,1.26628,1.32709
723,2.74438,1.23936,1.87982,1.25018
724,5.68309,1.53965,1.56828,1.81882
725,4.87896,1.62658,1.72941,1.90939
726,6.67266,1.43035,1.46841,2.37714
727,5.13179,1.65072,1.51548,1.40836
728,7.06718,1.35722,2.38279,1.64852
729,7.08886,2.58728,2.89184,2.89483
730,8.74464,1.42155,2.19005,1.83172
731,7.22207,2.03507,2.51677,2.07091
732,6.03861,1.15991,2.02543,1.55489
733,3.55484,1.42245,2.687,1.2619
734,5.01103,0.728663,0.937475,0.912073
735,5.83758,1.49951,1.98018,2.36968
736,5.32533,1.13817,2.03078,2.06138
737,2.25848,0.827183,1.37179,1.13684
738,2.45818,0.869169,1.30941,0.624198
739,5.12317,1.16712,1.36697,0.910076
740,5.28648,1.19411,1.04009,1.38444
741,4.7593,0.552428,0.660765,1.2443
742,3.20482,1.00938,1.14087,1.30474
743,5.78145,0.838575,1.33495,0.873471
744,5.49651,1.50438,1.5529,1.70879
745,5.62988,1.11813,1.22274,1.53921
746,4.14409,0.894513,2.64689,1.63015
747,1.65539,0.797206,1.81666,1.51976
748,3.06569,0.476304,1.01592,0.741685
749,6.1286,0.990469,1.88345,1.68017
750,2.86362,0.961403,2.18298,1.14976
751,1.80143,0.966786,2.38189,1.05833
752,5.86099,1.02381,1.23734,1.15318
753,6.79417,1.23465,1.80556,2.16044
754,8.12257,1.08264,1.2447,1.65467
755,5.55754,1.42941,1.64084,1.8215
756,5.59363,1.09081,1.33331,1.77361
757,5.28495,1.07011,1.24877,2.59898
758,6.47224,1.05609,1.94851,1.61209
759,5.4035,1.28632,1.73632,2.23512
760,5.69441,1.03825,1.24411,1.1921
761,4.21886,1.11032,1.65734,1.22221
762,4.78566,0.702422,0.940102,0.784742
763,5.3713,1.02738,1.49103,1.3735
764,5.44394,1.08826,3.90458,1.50026
765,3.32084,1.42423,2.43676,1.99543
766,2.1588,1.12848,1.37827,1.55731
767,2.53692,1.45475,1.3877,1.38691
768,2.839,1.68622,1.70081,3.41731
769,1.23131,0.661377,2.65197,2.35637
770,2.19818,1.27493,1.49598,3.13261
771,2.88202,1.21496,1.53818,1.36812
772,1.81255,1.24692,1.7855,1.36169
773,3.15863,1.53058,1.53759,1.70222
774,3.83329,1.70798,1.87205,1.82265
775,3.34322,1.2733,0.892387,1.48749
776,4.36343,1.65588,1.74051,1.66229
777,3.78983,1.4035,1.61204,1.90571
778,2.89117,1.53011,2.18283,1.66028
779,1.85208,1.36176,2.94397,1.35899
780,3.08024,1.33558,1.72559,2.15841
781,4.3246,1.4216,2.17454,1.49971
782,1.11599,0.775897,0.874846,1.07601
783,3.69628,1.28089,1.80014,1.57138
784,2.17674,1.2443,1.6731,1.5564
785,3.95225,1.36613,1.36933,1.46842
786,5.12565,1.33517,1.60695,1.39909
787,5.43201,1.54537,1.7726,1.68689
788,7.72828,1.27229,1.66548,1.44702
789,4.04195,1.02754,1.0703,1.48635
790,4.75746,1.12314,1.31608,1.87344
791,5.23116,1.55085,1.54891,1.49441
792,6.27774,1.31079,1.43609,1.85753
793,5.5687,1.28777,1.85036,1.69545
794,4.40998,1.19237,1.47454,1.67946
795,3.57676,1.2976,1.39874,1.41237
796,2.22971,0.645061,1.00703,0.88939
797,3.32286,1.14759,1.68105,1.2802
798,2.15815,1.24692,1.323,3.1243
799,1.47816,1.0113,1.37469,4.14968
800,3.17371,0.913886,1.55964,1.45784
801,4.50809,1.15917,1.60489,1.99726
802,3.89875,1.1344,2.5884,1.94002
803,4.3902,0.818996,1.45921,0.933715
804,4.11357,1.16842,1.38822,1.62417
805,6.92564,1.78941,1.6963,1.75576
806,6.0241,1.41227,1.7683,2.42634
807,6.41017,1.38437,1.49048,1.79266
808,5.07534,1.5635,1.56141,2.25392
809,4.57325,1.44629,1.42978,1.5493
810,5.28852,1.11027,1.3101,1.32272
811,9.79147,1.65605,2.36445,2.08715
812,8.11476,2.86093,3.95505,2.49558
813,6.06231,1.67781,1.62853,1.90351
814,3.34082,1.59389,1.65533,1.85579
815,2.35923,1.32147,1.63516,1.87446
816,4.67336,1.29991,1.50858,1.5631
817,1.03685,0.701023,0.810702,1.19781
818,1.94602,1.21775,1.47338,1.32549
819,3.55403,1.25978,1.59254,1.4457
820,3.16968,1.20692,1.74018,1.3443
821,2.41182,1.11335,2.28326,1.21506
822,4.3254,1.16421,1.36523,1.67478
823,2.09394,0.629019,0.693892,1.22073
824,2.88745,1.1604,2.61224,1.76489
825,2.16001,1.02827,2.21137,1.17786
826,2.04088,1.02758,1.4739,1.81359
827,2.92798,1.16205,1.42457,1.92968
828,2.77746,1.23747,2.40064,1.72765
829,1.72201,1.17719,4.84015,1.80699
830,1.99359,0.729784,1.11888,1.03706
831,4.00166,1.49242,1.66472,1.68224
832,2.42995,1.46391,1.68443,1.95498
833,2.28837,1.54913,1.72441,3.16514
834,2.60573,1.52835,1.69252,2.05342
835,4.18848,1.66585,1.64342,2.21585
836,3.13153,1.63304,1.67592,1.77714
837,1.88069,0.891016,1.26968,1.54581
838,3.56481,1.52742,2.06049,3.0828
839,3.67346,1.53016,1.82648,4.08475
840,4.20613,1.60606,1.71213,2.97215
841,6.82549,1.67553,1.86859,3.46084
842,6.47539,1.6591,2.41505,2.32891
843,8.34804,1.65035,1.74691,3.30805
844,5.00418,1.30451,1.18749,7.09764
845,4.93335,1.41072,1.73235,1.67183
846,6.34963,1.84019,1.95367,1.98975
847,7.83749,1.51438,1.65907,1.71669
848,5.35055,1.56284,1.9648,2.15725
849,5.0342,1.60651,1.80339,1.90946
850,4.16199,1.64635,1.733,1.75326
851,4.14007,0.954294,1.21719,1.25119
852,5.21079,1.93732,2.13807,4.40393
853,7.01864,2.038,2.27381,3.24426
854,5.73798,2.10125,2.24417,2.20458
855,5.99464,1.89188,2.17855,2.06298
856,3.34699,2.54709,2.28893,2.66531
857,3.98631,2.25184,2.06429,2.41357
858,2.19406,1.1235,1.38079,2.03016
859,2.81276,2.11756,3.03598,2.31803
860,4.34136,2.27551,3.69477,2.40842
861,4.41101,2.33345,2.42474,2.64831
862,4.51823,2.61837,2.71687,2.65257
863,3.93001,2.71842,2.74522,2.80461
864,3.43257,1.42996,1.91939,2.19942
865,4.18903,3.1199,3.57278,3.1015
866,6.15127,3.04302,3.06312,3.59063
867,4.43331,2.82804,3.41927,3.29736
868,5.82406,3.02887,3.37083,3.6596
869,4.36604,2.95174,2.8386,3.63031
870,3.40187,2.92659,2.87742,2.43264
871,3.48643,1.33016,1.19655,1.48849
872,6.92257,2.30715,2.64251,2.47604
873,5.72137,2.51837,2.82365,2.47062
874,5.22329,1.68997,1.82506,2.00898
875,2.26884,1.65114,1.89493,2.54931
876,2.82302,1.17244,1.92529,1.25261
877,3.92237,1.25742,2.35897,1.82234
878,0.735951,0.511396,1.64557,1.00939
879,1.59826,0.942798,1.08237,0.95933
880,1.67604,0.962171,1.0509,1.41241
881,5.27651,0.849844,1.10902,1.61545
882,4.02278,1.51531,1.87184,1.72925
883,5.24978,1.68777,1.52345,1.69949
884,5.41413,2.69693,2.23484,2.05394
885,3.36408,0.43619,1.49471,1.72898
886,3.18912,0.691894,0.966087,1.749
887,3.15524,0.612067,0.720959,1.17731
888,3.41278,0.682155,1.00352,1.19719
889,2.735,0.645677,0.844529,0.947367
890,2.91905,0.976781,1.0691,1.0082
891,2.45006,0.704373,0.953357,1.02269
892,1.77186,0.469271,1.12763,0.652223
893,3.20135,0.790971,1.02849,1.52327
894,2.64896,0.944157,1.243,1.25999
895,2.81524,1.00036,0.930843,1.00242
896,1.84349,0.713349,1.39985,1.1148
897,2.07242,0.755365,1.36489,0.836748
898,2.6879,0.93552,1.35944,1.32625
899,1.73114,0.66617,0.559744,1.56045
900,3.00544,0.849979,0.957694,1.28795
901,3.60809,0.886756,1.02252,3.78005
902,4.24537,0.932166,0.918479,2.71452
903,4.78413,0.986731,1.26039,1.9442
904,4.67798,0.894625,1.31441,1.40911
905,3.99086,0.829016,1.21216,2.32528
906,3.75287,0.987878,1.4205,1.29043
907,4.0332,1.62437,1.60853,1.74339
908,4.17655,1.12215,1.43147,1.87784
909,3.17853,1.12376,1.21598,2.29731
910,3.36094,1.1424,2.86623,1.1353
911,1.46158,1.16009,2.07747,1.12767
912,2.24585,0.730985,1.36892,1.38642
913,2.71831,1.55708,1.71696,1.53148
914,3.45058,1.34754,1.46501,1.96697
915,2.82026,1.4839,1.5247,1.70351
916,1.82509,1.47153,1.59058,1.78715
917,2.32504,1.44205,1.63964,1.59315
918,2.66143,1.35398,1.50123,1.46006
919,2.02257,0.746106,1.00849,1.06258
920,4.33604,1.32454,1.6452,1.76077
921,4.10725,1.6155,2.29101,2.52267
922,1.63032,1.3407,1.3823,2.35334
923,2.43075,1.28567,1.6714,1.77182
924,5.00196,1.52178,1.5076,1.50098
925,6.16033,1.48025,1.33058,1.7706
926,3.15792,1.12932,1.6665,1.01985
927,2.78267,1.41899,2.14723,1.66659
928,1.94557,1.24273,1.52115,3.27507
929,4.13519,1.13813,1.2879,3.48853
930,2.73391,1.11665,1.24651,1.46376
931,4.41842,1.1898,1.1977,1.2112
932,3.75039,1.11414,1.46007,1.17288
933,3.03295,0.693045,0.818706,0.932595
934,3.79014,1.43757,1.61827,2.17778
935,4.50741,1.42726,1.56437,1.61865
936,4.98771,1.94378,1.99609,2.02036
937,2.67091,1.33413,2.04481,1.65707
938,3.2883,1.53206,1.89081,1.69316
939,1.74134,1.2645,1.62661,1.71049
940,2.62958,1.11765,0.815944,1.1758
941,4.5707,1.57253,1.31395,1.7172
942,2.64483,1.36078,1.2456,1.53195
943,2.77184,1.22831,1.2125,1.2871
944,0.993134,0.97112,0.998028,1.13461
945,1.21275,0.970986,1.52015,1.42575
946,0.881568,0.558158,1.26554,0.74336
947,3.44793,0.830622,1.55717,1.20494
948,3.36273,0.812762,1.7071,1.89096
949,0.881992,0.833229,1.11508,1.67932
950,1.73817,0.826756,0.992887,1.55087
951,4.29308,1.83376,1.43478,1.66694
952,5.36081,1.5606,1.29519,1.33548
953,3.00708,0.55194,0.736507,0.70526
954,1.13033,0.934076,0.973845,1.25862
955,3.6978,1.15193,1.4683,1.70318
956,4.71997,1.13339,1.41858,1.32605
957,4.48109,1.25022,1.23734,1.78403
958,4.60678,1.17799,1.20252,1.95936
959,2.48323,0.966469,1.15974,1.09134
960,4.14808,0.813275,0.969224,0.949313
961,5.00211,1.16515,1.50874,1.2273
962,5.50397,1.0418,1.17984,1.09488
963,3.67207,0.978966,1.86303,1.03184
964,1.83373,0.937706,1.66313,2.61826
965,1.48969,1.12823,1.03804,3.00169
966,3.34898,1.3331,1.50527,1.66905
967,1.12964,0.630012,0.740441,1.26185
968,1.5783,0.944429,1.2522,2.36643
969,1.37599,1.01597,1.24517,1.49819
970,2.94786,1.24528,1.43394,1.27877
971,4.20538,1.20244,1.45512,1.28743
972,4.33678,1.38684,1.77305,2.55052
973,5.15774,1.23686,1.99161,2.37178
974,3.37906,1.40066,1.51543,1.50514
975,4.84277,1.86377,1.37193,2.1291
976,4.10729,1.89768,1.76438,1.45986
977,4.72137,1.38074,3.72178,1.87422
978,3.18039,1.42153,3.43075,1.56445
979,2.51728,1.74133,1.70244,1.6465
980,2.24478,1.61842,2.06765,2.08003
981,2.3137,0.931657,2.41397,2.20514
982,4.52644,1.98379,3.27918,2.77673
983,4.3101,2.00918,2.05343,2.12417
984,2.64041,2.03943,2.11458,1.99969
985,2.82006,1.94222,2.0268,2.25159
986,3.94828,2.07323,1.9327,2.05453
987,3.96602,2.28438,2.05428,2.32318
988,2.6128,1.49071,1.25896,1.42078
989,2.5748,1.88539,1.94965,1.73385
990,5.05604,1.30678,2.07958,1.52904
991,4.7863,1.79841,1.94033,1.96982
992,6.44679,1.3356,1.91456,2.08544
993,4.43475,2.29676,3.00548,3.64322
994,4.56439,0.654264,0.820882,2.31096
995,4.78655,1.18354,1.63076,3.32921
996,5.71255,1.27936,1.38809,2.03324
997,4.93352,1.30825,1.41085,3.00377
998,3.98915,1.26458,1.39232,1.3203
999,2.51906,1.20728,1.85484,1.46066
1000,1.68777,1.29456,2.4105,1.30061
1001,1.71866,0.861038,1.9128,1.18494
1002,2.67291,1.28309,1.4651,1.52264
1003,1.76248,1.7868,2.49537,2.16846
1004,2.37193,1.76456,2.11462,1.79674
1005,3.28277,1.44756,1.63757,2.85476
1006,2.89838,1.56277,1.92988,2.03169
1007,3.87572,1.47403,1.86058,1.88746
1008,2.03137,1.14754,1.07043,1.03714
1009,3.48409,1.51695,1.68262,1.77886
1010,2.97735,1.45668,1.95563,1.78865
1011,3.10212,1.44217,2.0101,1.78559
1012,2.74366,1.46235,1.3662,1.5065
1013,1.87253,1.22949,1.78968,1.64197
1014,2.28513,1.50888,1.72515,1.69525
1015,0.75167,0.842019,1.13297,1.22946
1016,2.9956,1.35226,2.12804,1.31861
1017,2.60968,1.17549,1.67489,1.73558
1018,2.16616,1.23503,1.89038,1.86328
1019,2.21581,1.42725,1.61486,1.94604
1020,2.71151,1.36767,1.52635,1.99588
1021,2.13849,1.74788,1.58776,1.46337
1022,1.14975,0.979266,0.970715,1.23537
1023,2.33402,1.53027,1.71505,1.64145
1024,2.74799,1.57504,2.20204,2.08411
1025,2.63597,1.71871,2.59667,2.08641
1026,3.70373,1.89297,1.92013,2.23871
1027,3.49302,2.24178,2.54076,3.71615
1028,3.1499,2.16289,2.63923,2.8313
1029,2.04334,1.22718,1.30589,1.32388
1030,3.77734,2.81752,2.54147,2.80959
1031,3.83042,2.67212,2.65407,3.86381
1032,3.36157,2.33755,2.61746,2.89706
1033,3.3797,2.62899,3.36691,2.75654
1034,2.93668,2.88238,2.57589,2.45972
1035,1.44631,1.47843,1.22811,1.56649
1036,3.18292,2.10188,3.03172,2.70393
1037,2.8219,2.0986,2.91165,2.46906
1038,3.17248,2.37904,2.79423,2.7296
1039,2.2368,1.59841,1.92194,2.01808
1040,1.9496,1.43992,1.716,1.89741
1041,1.5628,1.46201,1.42293,1.60365
1042,1.17944,0.826915,1.06172,1.19825
1043,3.56605,1.51999,2.25793,1.63316
1044,3.22421,1.53255,1.77325,1.71054
1045,2.91216,1.91626,2.28865,2.15042
1046,1.95368,1.68816,1.88107,1.80903
1047,2.25225,1.57087,1.75001,1.80085
1048,3.60947,1.86746,1.82176,1.92619
1049,1.04993,1.04783,1.37146,1.72581
1050,2.61073,1.77438,2.18246,2.53417
1051,2.45873,1.83929,2.42318,2.56298
1052,3.09558,2.15359,1.98132,4.05632
1053,3.84681,1.86214,2.21278,2.04139
1054,5.03646,2.11486,2.19679,2.34271
1055,3.6224,2.65788,3.19192,2.12575
1056,3.42583,1.02151,3.02684,1.68433
1057,3.5995,2.01659,2.16615,2.25509
1058,5.12625,2.02964,2.11359,2.11976
1059,3.93411,2.49259,2.55249,2.69437
1060,4.14713,2.44129,2.5552,2.70499
1061,3.33461,2.23836,2.38572,3.36149
1062,2.22402,2.15537,2.40157,2.53518
1063,1.85095,1.54492,1.75066,1.60851
1064,2.69775,2.45282,2.98594,2.69628
1065,2.81316,2.24906,2.2411,3.72951
1066,3.24189,2.23757,2.4853,2.95135
1067,4.8049,2.10253,2.43365,2.31996
1068,3.48035,2.16095,2.64851,3.74858
1069,4.7591,1.95469,2.18605,2.25813
1070,1.84427,1.40335,1.22882,2.65215
1071,2.46931,1.82894,2.32577,4.36141
1072,2.67945,2.10177,2.35425,2.65574
1073,3.69711,2.08524,2.5174,2.5427
1074,4.36823,2.36175,2.88567,2.9484
1075,4.70766,2.48901,2.52604,3.29886
1076,3.04437,2.22559,2.04026,2.90561
1077,3.29718,1.13707,1.25951,1.15967
1078,4.87045,2.32384,2.18075,2.88299
1079,5.7349,1.88366,2.03499,2.43396
1080,4.22167,2.2148,2.38261,2.29893
1081,3.81107,1.67237,1.88715,1.86985
1082,3.45411,1.63573,1.83893,3.87771
1083,2.36692,0.832823,1.08964,2.42318
1084,2.45074,1.54761,1.94087,4.219
1085,2.85447,1.47172,1.5231,2.38001
1086,2.55657,1.38294,1.62647,1.4827
1087,1.93142,1.21042,1.88103,1.54659
1088,1.935,1.10192,1.27654,1.3601
1089,2.73433,1.13733,1.33001,2.71294
1090,1.70632,0.672325,1.24733,0.785146
1091,1.70276,1.13476,1.52226,1.94081
1092,2.20846,1.19728,1.6302,1.79942
1093,2.73478,1.31124,1.63453,2.23764
1094,2.01058,1.36512,1.75489,1.47869
1095,3.27495,1.49274,1.55677,1.7168
1096,4.29759,1.44394,1.60372,1.93304
1097,2.39543,0.851199,1.18542,0.946557
1098,4.0531,1.53563,1.81916,2.00971
1099,2.35658,1.55275,1.82441,1.77005
1100,1.87406,1.39955,1.5102,2.54282
1101,1.72169,1.58274,1.58739,2.61385
1102,1.78322,1.34797,1.50637,2.39857
1103,2.55311,1.36259,1.49279,2.58504
1104,1.6903,0.760055,1.18227,1.24598
1105,1.80212,1.33898,1.74779,1.72188
1106,3.57536,1.59837,2.09484,1.9023
1107,5.19896,1.60822,1.74513,1.80706
1108,4.91322,1.52981,1.50429,2.14165
1109,4.50487,1.42783,1.69751,1.58332
1110,3.17309,1.38217,1.88366,2.39988
1111,2.71231,0.850725,2.3792,1.67795
1112,2.79086,1.48026,2.24347,4.37633
1113,3.30718,1.55296,1.71118,8.05078
1114,1.88856,1.53974,1.62177,2.56138
1115,2.54603,1.50584,1.60218,2.25155
1116,4.06606,1.66991,1.53777,1.6844
1117,2.10309,0.994716,0.997685,1.00909
1118,2.88782,1.7002,2.81967,2.71324
1119,2.3927,1.75081,2.25502,1.85856
1120,3.6079,1.96294,2.12056,2.23721
1121,3.7951,2.27362,2.48581,2.58282
1122,4.86632,2.4538,2.05402,2.21961
1123,4.50849,2.14379,2.0225,2.64845
1124,2.84184,1.15763,1.09236,1.43719
1125,3.80519,2.42461,2.0741,2.25459
1126,5.15969,2.26072,2.00075,2.80745
1127,4.04932,2.00784,1.95213,2.38398
1128,5.47494,1.99019,2.75919,4.70757
1129,4.37521,2.07366,2.22029,7.4557
1130,5.26866,1.76483,1.85776,3.14677
1131,3.67832,1.33965,1.42477,1.5752
1132,5.52997,1.70925,1.77228,2.36546
1133,4.30799,2.07517,2.38311,4.93432
1134,4.98334,1.94585,2.10155,3.10799
1135,2.87151,2.1062,2.04957,4.17061
1136,2.85685,1.81025,1.9007,1.83083
1137,2.99684,1.73921,2.15703,1.80166
1138,2.14615,1.15676,1.07495,1.2527
1139,3.72629,2.25887,2.16167,2.01018
1140,3.92311,1.81686,2.1978,2.01083
1141,3.53073,1.80435,2.08553,2.06037
1142,3.62228,1.73883,1.81944,1.8336
1143,2.87477,1.86173,1.87375,2.25418
1144,4.90508,1.79793,2.13204,1.93149
1145,2.38021,1.00375,1.19176,1.27422
1146,2.75387,1.88991,2.05628,2.14742
1147,2.1262,1.85066,2.11656,2.01458
1148,3.10116,2.0419,2.18431,2.52881
1149,2.37755,1.6919,2.50207,2.87683
1150,1.94981,1.60137,1.71706,2.62587
1151,2.21985,1.69892,1.76276,2.8633
1152,1.75529,0.903267,1.01745,2.08331
1153,1.66565,1.59516,1.62942,1.71797
1154,1.68317,1.48285,1.54413,1.76708
1155,2.6196,1.47104,1.45631,2.09042
1156,4.09692,1.39014,1.43277,3.20103
1157,4.3036,2.05278,1.79651,4.30367
1158,4.22333,0.914362,1.17106,1.20449
1159,2.56189,0.632501,0.93554,0.728374
1160,2.23093,0.90909,1.34719,1.08702
1161,2.80305,0.900368,1.02596,1.24344
1162,2.83088,0.956095,1.05465,1.33831
1163,3.78284,0.981358,1.36947,1.80841
1164,3.46312,0.999828,1.27484,2.20853
1165,1.07874,0.667184,0.985292,1.03365
1166,2.65049,0.998213,1.15692,1.18597
1167,2.55773,0.976845,1.73327,2.95428
1168,2.2256,1.00928,1.31989,3.20895
1169,1.99451,0.97948,1.85727,3.85521
1170,3.43001,1.03832,1.31064,1.90764
1171,3.4608,1.51107,1.50981,1.61713
1172,2.19793,0.632443,1.15025,0.88055
1173,1.91985,1.10749,1.2101,1.19985
1174,3.30377,1.10425,1.37276,1.80062
1175,2.43902,1.1395,1.318,1.4483
1176,3.17701,1.43086,1.56,1.36939
1177,3.29949,1.25507,1.29858,1.43159
1178,4.45634,1.32295,1.44823,1.45751
1179,1.19894,0.719726,0.775925,1.31955
1180,4.50477,1.61465,1.62273,1.69383
1181,3.32007,1.63884,1.70581,4.1588
1182,3.06555,1.71344,1.98224,5.45358
1183,2.19595,1.34056,1.60853,1.619
1184,1.87155,1.54186,1.66532,3.08021
1185,2.67598,1.53173,1.81422,1.84519
1186,1.31751,0.782528,1.17243,1.45286
1187,4.24889,2.06476,2.26211,1.66951
1188,2.23046,1.58947,1.43566,2.4534
1189,2.61508,1.3318,1.52655,2.25858
1190,4.76282,1.27874,1.44822,1.52586
1191,5.26224,1.28522,1.45809,1.66829
1192,6.20573,1.13445,1.24257,2.84527
1193,2.68711,0.646263,0.805502,1.90091
1194,1.49511,0.978259,1.36713,1.7674
1195,2.70316,1.08065,1.9156,2.12366
1196,3.30191,0.952251,1.21151,1.86235
1197,3.67465,1.27338,2.15337,1.8797
1198,2.75107,1.08846,1.69429,0.98892
1199,1.81318,0.917286,0.976588,1.16531
1200,2.32729,0.55479,0.671601,1.37617
1201,3.77291,0.979083,2.02669,1.32064
1202,3.56172,0.984833,1.4733,1.29431
1203,2.61962,0.847164,1.428,1.2538
1204,1.22629,0.833596,1.64226,1.54226
1205,2.44703,0.790025,1.46803,1.48066
1206,2.07797,0.531492,0.957582,0.962865
1207,3.6772,0.899497,1.25521,1.39757
1208,4.27529,1.29653,2.23367,1.78013
1209,5.74678,0.82906,3.02202,1.55995
1210,6.18606,1.25328,1.12313,2.21709
1211,6.97565,1.01858,1.22798,1.2722
1212,6.77352,2.19064,2.28577,3.64799
1213,6.17072,0.638944,2.48186,3.01998
1214,6.55051,1.29491,4.00592,2.00175
1215,6.88977,1.16742,1.56056,1.7184
1216,6.3365,1.26595,2.1956,2.60358
1217,5.72403,1.12085,1.64393,1.29159
1218,4.35272,1.09955,1.33845,1.44602
1219,2.68971,0.761386,0.994266,0.811667
1220,4.17731,0.637358,1.02884,0.865339
1221,6.13065,1.02344,1.46955,1.25942
1222,5.07376,0.951816,2.19865,2.57031
1223,4.14303,0.820889,1.27199,3.953
1224,1.47948,0.811248,1.46053,2.46334
1225,2.42662,1.14284,1.5211,1.65628
1226,2.97023,1.00919,1.81913,1.12378
1227,1.79462,0.535677,1.61737,1.02934
1228,2.71589,0.981672,2.15969,4.13247
1229,2.75675,0.959097,2.50058,1.02658
1230,2.57932,1.02417,1.12723,1.06465
1231,1.94102,0.839457,1.58747,1.3313
1232,1.70576,0.953105,1.10262,1.69906
1233,2.96042,1.03769,1.16056,1.48835
1234,1.52806,0.740808,1.21114,0.981708
1235,2.73592,1.07855,1.28194,1.36712
1236,2.32483,0.964582,1.21087,1.38018
1237,3.028,1.02787,1.43514,1.51334
1238,1.90298,1.07499,1.27461,1.26501
1239,2.91158,1.03767,1.93073,1.78952
1240,3.77954,1.36221,1.64065,1.6568
1241,2.62016,0.616835,1.10205,1.86641
1242,1.2353,1.03687,1.17266,2.20543
1243,3.03976,1.14324,1.42845,1.30818
1244,4.61608,1.40613,1.42494,1.70788
1245,5.92675,1.23425,1.36888,1.89935
1246,5.09876,1.33337,1.65591,1.6675
1247,6.07223,1.40043,2.38033,1.57829
1248,4.0129,0.861406,2.31616,1.15967
1249,3.76165,1.29328,2.13067,1.36482
1250,4.70667,1.55184,1.82336,2.03037
1251,6.99188,1.57834,2.90402,2.25835
1252,5.51218,1.83974,3.78067,1.93559
1253,6.00948,1.64331,1.8181,2.10637
1254,4.16661,0.884158,0.867771,1.3607
1255,5.37957,1.90181,1.75609,1.943
1256,4.65977,2.12451,1.87474,2.20151
1257,4.82979,2.03667,1.88206,1.90889
1258,3.90895,1.87511,3.5157,2.21427
1259,4.83712,2.03322,2.60822,2.34012
1260,3.25358,2.05635,2.04851,2.77145
1261,2.04469,1.13091,2.5727,1.49052
1262,4.07232,2.46736,3.03841,4.71666
1263,4.34111,2.64945,2.77672,2.99441
1264,3.24837,2.51591,2.43484,2.64654
1265,3.67306,2.3991,2.71183,2.73359
1266,2.86304,2.5296,3.02539,5.32666
1267,3.75026,2.50009,4.45443,14.7431
1268,2.57813,1.22758,1.61409,1.44612
1269,3.65733,2.34491,2.63406,2.57119
1270,4.26628,2.13787,3.70385,2.39835
1271,3.85251,2.1289,2.99247,2.98378
1272,4.73941,1.84577,2.31491,2.73562
1273,3.90445,1.77907,2.00846,2.35759
1274,3.23756,1.7506,2.53985,2.19744
1275,3.22856,1.18221,1.23114,2.0809
1276,4.81428,1.58597,1.67212,2.70631
1277,3.67052,1.71459,1.76696,1.46247
1278,2.40361,1.00586,2.09664,1.38478
1279,2.19165,1.00355,2.01857,1.34743
1280,3.8512,1.31576,1.76513,1.30807
1281,5.60744,0.930927,1.08248,19.5466
1282,2.16818,0.653638,0.817254,43.88
1283,2.74121,0.853365,2.13491,2.95879
1284,1.95941,0.857982,1.54702,1.85765
1285,3.91768,0.909545,1.08643,1.47911
1286,4.32253,0.959533,1.11319,1.85267
1287,5.55806,1.05582,1.73658,1.20482
1288,5.00851,1.26466,2.02335,1.69039
1289,4.85619,0.994554,0.919538,1.11464
1290,4.30689,1.23764,1.06829,1.0791
1291,4.71866,1.00734,1.5175,1.67246
1292,4.03778,1.05373,1.52338,3.93771
1293,4.16541,0.997416,1.92173,2.75006
1294,2.68623,1.04654,2.02035,1.43983
1295,1.38454,1.06021,1.58702,1.19445
1296,1.69531,0.625275,1.10187,2.7663
1297,2.54188,1.08127,1.25757,3.49638
1298,2.15521,1.17301,1.43645,1.61704
1299,2.47106,1.21527,1.46924,1.76148
1300,3.115,1.13464,1.21143,1.87645
1301,3.57505,1.53771,1.77056,1.59804
1302,3.13301,0.676572,1.21446,1.09737
1303,3.09001,1.37211,1.55332,2.01025
1304,4.44914,1.08897,1.20443,1.47817
1305,4.2345,1.19959,1.77962,1.86897
1306,5.46273,1.1933,1.19923,1.54989
1307,5.01489,1.60477,1.6379,1.68115
1308,4.22512,0.964726,2.25377,1.45575
1309,3.81817,0.956268,1.82559,0.908686
1310,5.2097,1.00136,1.48716,1.60227
1311,5.29942,1.18298,1.94032,2.49128
1312,5.22996,0.976289,1.51625,1.31442
1313,4.26022,1.08101,1.10691,1.80632
1314,2.96413,1.21667,1.5934,1.26876
1315,1.65274,1.26329,1.97488,1.14986
1316,1.39749,0.617654,0.64534,0.860238
1317,3.24047,1.18328,1.35089,1.42768
1318,1.50418,1.21197,1.23731,1.75358
1319,3.6251,1.28015,1.44077,1.29236
1320,4.01307,1.38856,1.88902,1.6182
1321,5.26338,1.22155,1.54646,1.58846
1322,4.47356,1.27573,2.65654,1.51872
1323,4.41714,0.786252,1.23462,1.39793
1324,4.83031,1.43031,1.67991,2.14437
1325,4.83787,1.34698,2.07625,2.07953
1326,4.14262,1.42782,2.79879,2.10657
1327,2.53447,1.43305,2.76511,1.72514
1328,2.5508,1.55345,2.57089,2.13448
1329,3.95913,1.95626,2.23926,3.03737
1330,1.36177,1.30181,1.60305,1.75653
1331,3.6584,1.86262,2.60563,3.23788
1332,1.72841,1.74183,1.75182,2.6119
1333,3.11368,1.76429,1.85993,2.50164
1334,5.03197,1.67151,2.05994,1.71193
1335,4.48169,1.77565,3.09226,4.43434
1336,5.30981,1.65675,1.84356,3.07323
1337,3.83676,1.08456,1.9912,1.13154
1338,3.90148,1.58124,2.19231,1.91026
1339,4.52813,1.62937,2.73392,2.96565
1340,4.9499,1.38928,1.75127,2.36394
1341,4.36475,1.52585,1.82185,1.70195
1342,3.88274,1.47292,1.43352,2.84824
1343,3.51089,0.85145,1.81247,2.10888
1344,4.04986,0.981798,1.5629,1.18479
1345,3.8161,0.741676,0.890744,1.32601
1346,2.75211,0.668873,1.30157,1.05128
1347,0.751026,0.577418,1.23455,1.20379
1348,1.14915,0.757162,1.4173,0.827912
1349,2.83832,0.812942,0.585364,0.796118
1350,0.570656,0.539806,0.404943,0.447688
1351,2.48011,0.618205,0.69601,1.08868
1352,2.0791,0.851926,0.648641,1.35882
1353,0.596447,1.27288,0.549783,0.701493
1354,1.10894,0.909351,0.987087,1.80424
1355,1.59715,0.637159,1.2035,1.37319
1356,2.55099,1.14082,0.884997,1.51862
1357,1.11297,1.12694,0.487623,1.46977
1358,0.853809,0.944681,1.73394,1.90731
1359,1.85928,0.749568,1.83411,1.04411
1360,2.5567,0.906027,1.20068,1.31781
1361,3.3555,0.745673,0.839698,0.995112
1362,2.24689,0.770772,1.30418,2.43006
1363,2.60117,0.839067,1.151,2.94547
1364,2.13008,0.69465,1.05596,0.962388
1365,3.57215,0.764964,1.79575,1.31941
1366,2.96905,0.886819,1.13543,0.945461
1367,2.90195,1.06231,1.12957,2.04462
1368,1.18558,0.86709,1.87237,1.2808
1369,1.14317,1.17945,1.57369,1.79838
1370,1.10194,1.25777,1.07406,1.04537
1371,0.758291,0.606141,0.688362,0.920243
1372,2.51506,0.953173,1.09301,4.69473
1373,1.23214,0.940859,0.993112,16.0026
1374,1.61974,1.08938,1.49567,2.02659
1375,1.49822,1.17516,1.59839,2.19341
1376,2.83959,1.11356,1.77163,2.11053
1377,2.89146,1.54856,1.39236,2.35012
1378,1.77196,0.763577,1.56259,23.8941
1379,1.62514,1.42934,1.98279,17.4095
1380,2.28626,1.60038,2.1749,3.03196
1381,2.12761,1.45055,1.87236,2.40658
1382,3.77978,1.34067,1.5665,3.37327
1383,3.30861,1.33556,1.47048,2.73739
1384,3.74764,1.48054,1.36339,2.94039
1385,2.64607,0.801006,0.971641,1.66429
1386,2.66288,1.28219,2.25674,3.70024
1387,2.95044,1.23281,1.95984,4.34413
1388,3.45636,1.0871,1.21826,1.56098
1389,3.45351,1.05904,3.28229,2.53389
1390,2.60681,1.25876,3.09291,2.10977
1391,1.71965,0.915101,0.989695,2.4945
1392,2.16202,0.940825,1.13789,3.12859
1393,2.2562,0.928942,1.72096,3.68746
1394,2.16583,1.23912,1.34773,0.934555
1395,1.13646,1.10817,1.48313,1.22343
1396,1.61636,0.578495,0.897441,1.32954
1397,1.01919,0.64225,0.902654,1.07469
1398,0.852685,0.511001,1.91508,1.1302
1399,1.85091,0.72448,1.24802,0.904284
1400,0.729063,0.966189,1.64455,1.41866
1401,0.601052,0.755328,0.976281,1.22432
1402,1.32911,0.859068,0.885728,2.51726
1403,1.26775,0.947184,0.757425,1.50476
1404,1.38625,0.867154,0.840705,1.79015
1405,1.57263,0.614429,0.495849,0.811627
1406,2.14277,1.08773,1.00036,2.8373
1407,2.18738,0.818391,0.967474,2.2144
1408,1.78923,0.752016,0.754861,2.34713
1409,2.02664,0.913619,1.07403,2.77264
1410,1.19709,1.08939,0.969502,2.80251
1411,1.04408,0.866115,2.60232,3.56479
1412,0.612343,0.596378,1.62226,1.52518
1413,1.75256,0.982812,2.11482,2.25148
1414,1.08796,0.972412,0.884962,2.61197
1415,1.23859,1.12586,1.84103,1.65847
1416,0.841331,0.880796,1.77968,1.36842
1417,1.382,0.965385,1.3143,2.19036
1418,1.33335,0.932387,1.06226,0.931104
1419,0.567701,0.466444,0.85502,0.656201
1420,2.00433,0.991784,1.55302,1.16223
1421,1.31523,1.03414,1.34603,3.71375
1422,1.53514,0.969701,1.30998,3.90216
1423,1.50071,0.991582,0.999523,2.05774
1424,2.18574,1.30971,1.188,1.43318
1425,0.689459,0.711268,0.648309,0.683988
1426,1.12533,0.996942,1.22616,1.48286
1427,0.998268,1.01402,1.05739,1.50655
1428,1.80346,1.13713,1.84533,1.20347
1429,1.75752,1.31586,1.70112,1.55557
1430,2.23999,1.07966,1.17983,1.91598
1431,3.10208,1.11177,1.39333,3.16337
1432,1.24638,0.748256,0.932463,2.05586
1433,1.68362,1.24593,1.41077,1.56858
1434,1.62947,1.37463,1.47722,2.13264
1435,2.04202,1.3273,1.39048,1.90726
1436,2.5334,1.29747,1.60816,2.40107
1437,2.65678,1.65094,1.58289,1.84848
1438,3.80555,1.40468,1.48502,1.63308
1439,2.2005,0.886193,2.90477,1.11382
1440,3.24436,1.6231,3.39663,1.81878
1441,2.48544,1.61534,1.55679,1.57742
1442,3.90678,1.87744,2.92454,4.67186
1443,3.17565,2.82315,2.66121,6.39106
1444,3.47666,2.12021,2.0773,2.09836
1445,2.8141,2.06353,2.22486,2.92188
1446,1.34538,1.0378,2.15025,1.70427
1447,2.19686,1.93089,2.5258,2.39836
1448,2.12754,1.99041,2.02403,2.88286
1449,2.13777,1.7659,1.83693,2.36191
1450,3.00578,1.88628,2.04412,2.22219
1451,3.56177,1.9682,2.38477,2.29983
1452,5.86998,1.58664,1.62544,1.94267
1453,1.34187,1.14144,2.08576,1.35539
1454,2.84094,1.79101,2.39072,2.07891
1455,2.30101,1.53504,2.37143,4.60883
1456,3.40908,1.31757,2.03303,4.03178
1457,3.28136,1.59682,1.63146,3.42689
1458,3.81804,1.39414,1.84591,2.43966
1459,2.65454,1.61616,1.92406,1.88028
1460,1.97642,0.909563,1.72901,1.3363
1461,3.97622,1.77353,2.67581,2.42276
1462,2.46842,1.5601,1.79251,2.01156
1463,2.56393,1.60995,2.85618,2.12112
1464,3.69692,2.37237,2.5587,2.10689
1465,3.85718,1.89602,2.18226,2.15124
1466,3.23589,2.32046,2.83526,2.71099
1467,3.52932,1.3643,1.8206,2.04201
1468,4.09803,2.3472,2.90142,2.53462
1469,6.59084,2.1775,2.51787,2.64061
1470,6.00969,2.61188,3.01017,2.85152
1471,8.93291,2.44284,3.26032,2.96673
1472,4.96555,2.68554,3.63445,2.48779
1473,6.5773,2.44066,2.4868,4.97534
1474,4.93912,1.27311,1.98602,5.43426
1475,7.22083,2.28703,2.4947,2.90078
1476,4.76717,2.57497,3.31189,3.40508
1477,4.28812,2.66606,2.52503,3.14962
1478,3.80272,2.46216,2.66472,2.73321
1479,4.168,2.74294,3.37491,6.02261
1480,1.89641,1.63308,4.06327,5.17351
1481,3.01157,2.80042,2.60957,2.71294
1482,4.46142,2.43043,2.55591,2.78844
1483,3.65514,2.59915,2.74957,2.72572
1484,2.93799,2.62847,3.22472,7.7037
1485,4.72388,2.76974,3.16972,11.3829
1486,5.13676,2.85611,3.41969,3.13708
1487,1.95746,1.36108,2.18968,1.62279
1488,7.05515,2.64138,3.17064,5.6299
1489,3.6565,3.00627,3.2721,6.52308
1490,4.13761,2.67524,4.16286,3.96518
1491,6.95888,2.79513,4.7711,3.00346
1492,6.69484,3.07983,4.11557,4.72289
1493,10.3932,2.69077,2.8729,2.65591
1494,5.08915,1.58119,2.79058,1.76628
